United States,12193,22.86236342618488
China,6842,12.829548420777865
India,4634,8.688518477085431
Germany,3097,5.806018570309878
Japan,2415,4.528843643957192
United Kingdom,2007,3.7625386881455793
France,1363,2.5562143416489542
Italy,1234,2.3138307789834807
Canada,1181,2.2150128649737106
Singapore,1122,2.103143528358877
Brazil,1106,2.0733117052615877
South Korea,1071,2.008054592236268
Spain,984,1.845844054144759
Netherlands,826,1.549390312115449
Hong Kong,792,1.4841331990901294
Taiwan,764,1.4319275086698735
Russia,734,1.3759928403624566
Switzerland,647,1.2137823022709475
Australia,594,1.1130998993175971
Iran,548,1.027333407912891
Türkiye,534,1.0012305627027631
Sweden,500,0.9378379386210239
Poland,483,0.9061416265801544
Mexico,427,0.7998657567960622
Israel,373,0.6991833538427117
Denmark,359,0.6730805086325838
Colombia,337,0.6320617518738114
Indonesia,319,0.5985009508893612
Pakistan,318,0.5966364619457807
Finland,310,0.5817205503971361
Austria,305,0.5723981056792333
Vietnam,236,0.4418838796285938
Thailand,229,0.42883245702352984
Ireland,221,0.4139165454748853
Argentina,205,0.3840847223775963
Chile,175,0.3281500540701794
Czechia,174,0.3262855651265988
Belgium,172,0.3225565872394377
Saudi Arabia,160,0.3001827199164709
United Arab Emirates,155,0.29086027519856805
Greece,153,0.28713129731140696
Morocco,148,0.27780885259350413
Egypt,148,0.27780885259350413
Bangladesh,145,0.27221538576276244
Malaysia,133,0.24984151843979566
Portugal,119,0.22373867322966776
South Africa,112,0.2106872506246038
Philippines,109,0.2050937837938621
Norway,101,0.1901778722452176
Romania,94,0.17712644964015364
Ukraine,93,0.17526196069657307
Algeria,80,0.14915911548644517
Peru,78,0.14543013759928403
(not set),77,0.14356564865570348
Hungary,77,0.14356564865570348
New Zealand,71,0.13237871499422008
Nigeria,58,0.10814035872767275
Nepal,55,0.10254689189693104
Bulgaria,53,0.09881791400976993
Iraq,53,0.09881791400976993
Ethiopia,48,0.0894954692918671
Slovakia,46,0.08576649140470596
Sri Lanka,46,0.08576649140470596
Luxembourg,43,0.08017302457396427
Slovenia,41,0.07644404668680314
Tunisia,41,0.07644404668680314
Serbia,38,0.07085057985606145
Uzbekistan,36,0.06712160196890032
Costa Rica,34,0.0633926240817392
Ecuador,34,0.0633926240817392
Lithuania,34,0.0633926240817392
Lebanon,32,0.05966364619457806
Qatar,32,0.05966364619457806
Kenya,30,0.05593466830741694
Croatia,30,0.05593466830741694
Kazakhstan,29,0.054070179363836374
Bahrain,27,0.05034120147667524
Belarus,24,0.04474773464593355
Venezuela,21,0.03915426781519186
Malta,20,0.03728977887161129
Kuwait,19,0.03542528992803073
Latvia,19,0.03542528992803073
Azerbaijan,18,0.03356080098445016
Bolivia,18,0.03356080098445016
Ghana,17,0.0316963120408696
Albania,17,0.0316963120408696
Georgia,16,0.02983182309728903
Puerto Rico,16,0.02983182309728903
Oman,16,0.02983182309728903
Congo - Kinshasa,15,0.02796733415370847
Uruguay,15,0.02796733415370847
Mongolia,15,0.02796733415370847
Armenia,14,0.026102845210127904
Cambodia,14,0.026102845210127904
Dominican Republic,14,0.026102845210127904
Jordan,14,0.026102845210127904
Uganda,13,0.02423835626654734
Estonia,13,0.02423835626654734
Cyprus,11,0.02050937837938621
Macao,11,0.02050937837938621
Myanmar (Burma),11,0.02050937837938621
Panama,11,0.02050937837938621
Syria,11,0.02050937837938621
Cameroon,11,0.02050937837938621
Moldova,9,0.01678040049222508
North Macedonia,9,0.01678040049222508
Yemen,8,0.014915911548644516
Senegal,8,0.014915911548644516
Palestine,8,0.014915911548644516
Kyrgyzstan,7,0.013051422605063952
Madagascar,7,0.013051422605063952
Bosnia & Herzegovina,7,0.013051422605063952
Côte d’Ivoire,6,0.011186933661483387
El Salvador,6,0.011186933661483387
Rwanda,6,0.011186933661483387
Tanzania,6,0.011186933661483387
Kosovo,5,0.009322444717902823
Nicaragua,4,0.007457955774322258
Guatemala,4,0.007457955774322258
Réunion,4,0.007457955774322258
Trinidad & Tobago,4,0.007457955774322258
Zambia,4,0.007457955774322258
Seychelles,3,0.005593466830741693
Mali,3,0.005593466830741693
Libya,3,0.005593466830741693
Sudan,3,0.005593466830741693
Togo,3,0.005593466830741693
Zimbabwe,3,0.005593466830741693
Maldives,3,0.005593466830741693
Burkina Faso,3,0.005593466830741693
Guinea,3,0.005593466830741693
Botswana,3,0.005593466830741693
Benin,3,0.005593466830741693
Angola,3,0.005593466830741693
Andorra,3,0.005593466830741693
Afghanistan,3,0.005593466830741693
Cuba,3,0.005593466830741693
Mauritius,2,0.003728977887161129
Paraguay,2,0.003728977887161129
Niger,2,0.003728977887161129
Namibia,2,0.003728977887161129
Mozambique,2,0.003728977887161129
Montenegro,2,0.003728977887161129
Somalia,2,0.003728977887161129
Honduras,2,0.003728977887161129
Cape Verde,2,0.003728977887161129
Burundi,2,0.003728977887161129
Bahamas,2,0.003728977887161129
Antigua & Barbuda,2,0.003728977887161129
Haiti,2,0.003728977887161129
Mauritania,1,0.0018644889435805645
Vanuatu,1,0.0018644889435805645
Turkmenistan,1,0.0018644889435805645
Timor-Leste,1,0.0018644889435805645
Tajikistan,1,0.0018644889435805645
South Sudan,1,0.0018644889435805645
Sint Maarten,1,0.0018644889435805645
Samoa,1,0.0018644889435805645
Papua New Guinea,1,0.0018644889435805645
Jamaica,1,0.0018644889435805645
Liechtenstein,1,0.0018644889435805645
Laos,1,0.0018644889435805645
Isle of Man,1,0.0018644889435805645
Iceland,1,0.0018644889435805645
Congo - Brazzaville,1,0.0018644889435805645
Chad,1,0.0018644889435805645
Bhutan,1,0.0018644889435805645
Belize,1,0.0018644889435805645
Western Sahara,1,0.0018644889435805645
